id,store_id,name,price,created_at,description
5,4,香腸飯,85.0,2026-02-25 08:30:56.681747+00,
6,4,養生飯,95.0,2026-02-25 08:31:04.049796+00,
8,4,原味/辣味咔啦雞飯,85.0,2026-02-25 08:59:54.185436+00,
9,4,招牌飯,90.0,2026-02-25 08:59:54.185436+00,
10,4,滷棒腿飯,90.0,2026-02-25 08:59:54.185436+00,
11,4,薄鹽鯖魚飯,90.0,2026-02-25 08:59:54.185436+00,
12,4,叉燒飯,95.0,2026-02-25 08:59:54.185436+00,
14,4,蒲燒魚飯,95.0,2026-02-25 08:59:54.185436+00,
15,4,鐵路排骨飯,95.0,2026-02-25 08:59:54.185436+00,
16,4,炸排骨飯,95.0,2026-02-25 08:59:54.185436+00,
17,4,爌肉飯,100.0,2026-02-25 08:59:54.185436+00,
18,4,法式豬排飯,100.0,2026-02-25 08:59:54.185436+00,
19,4,菲力豬排飯,105.0,2026-02-25 08:59:54.185436+00,
20,4,塔香無骨雞排飯,105.0,2026-02-25 08:59:54.185436+00,
21,4,香雞排飯,110.0,2026-02-25 08:59:54.185436+00,
22,4,黑胡椒牛柳飯,110.0,2026-02-25 08:59:54.185436+00,
23,4,挪威鯖魚飯,110.0,2026-02-25 08:59:54.185436+00,
24,4,和風烤雞飯,115.0,2026-02-25 08:59:54.185436+00,
25,4,炸雞腿飯,120.0,2026-02-25 08:59:54.185436+00,
26,5,皮蛋瘦肉粥,96.0,2026-02-25 09:05:11.241043+00,
27,5,瘦肉粥,95.0,2026-02-25 09:05:11.241043+00,
28,5,生滾牛肉粥,95.0,2026-02-25 09:05:11.241043+00,
29,5,皮蛋牛肉粥,95.0,2026-02-25 09:05:11.241043+00,
30,5,廣東海鮮粥,95.0,2026-02-25 09:05:11.241043+00,
32,5,海鮮意麵,95.0,2026-02-25 09:05:11.241043+00,
33,5,牛肉意麵,95.0,2026-02-25 09:05:11.241043+00,
34,5,瘦肉意麵,95.0,2026-02-25 09:05:11.241043+00,
35,5,海鮮烏龍麵,95.0,2026-02-25 09:05:11.241043+00,
36,5,牛肉烏龍麵,95.0,2026-02-25 09:05:11.241043+00,
37,5,瘦肉烏龍麵,95.0,2026-02-25 09:05:11.241043+00,
38,5,海鮮冬粉,95.0,2026-02-25 09:05:11.241043+00,
39,5,牛肉冬粉,95.0,2026-02-25 09:05:11.241043+00,
40,5,瘦肉冬粉,95.0,2026-02-25 09:05:11.241043+00,
41,5,皮蛋雞肉粥,80.0,2026-02-25 09:05:11.241043+00,
42,5,玉米雞肉粥,80.0,2026-02-25 09:05:11.241043+00,
43,5,香菇雞肉粥,80.0,2026-02-25 09:05:11.241043+00,
44,5,香菇瘦肉粥,80.0,2026-02-25 09:05:11.241043+00,
76,7,素排飯,60.0,2026-02-25 09:16:41.116322+00,
77,7,花枝排飯,60.0,2026-02-25 09:16:41.116322+00,
78,7,美國香腸飯,60.0,2026-02-25 09:16:41.116322+00,
79,7,菜飯,60.0,2026-02-25 09:16:41.116322+00,
80,7,檸檬雞腿飯,65.0,2026-02-25 09:16:41.116322+00,
81,7,烤雞腿飯,65.0,2026-02-25 09:16:41.116322+00,
82,7,炸雞翅飯,65.0,2026-02-25 09:16:41.116322+00,
83,7,宮保雞丁飯,65.0,2026-02-25 09:16:41.116322+00,
84,7,日式雞排飯,65.0,2026-02-25 09:16:41.116322+00,
85,7,泰式軟骨飯,65.0,2026-02-25 09:16:41.116322+00,
86,7,焢肉飯,65.0,2026-02-25 09:16:41.116322+00,
87,7,鹹豬肉飯,65.0,2026-02-25 09:16:41.116322+00,
88,7,黑胡椒豬柳飯,65.0,2026-02-25 09:16:41.116322+00,
89,7,日式豬排飯,65.0,2026-02-25 09:16:41.116322+00,
90,7,泰式串燒飯,65.0,2026-02-25 09:16:41.116322+00,
91,7,韓式豬排飯,65.0,2026-02-25 09:16:41.116322+00,
92,7,京都排骨飯,65.0,2026-02-25 09:16:41.116322+00,
93,7,椒鹽肉排飯,65.0,2026-02-25 09:16:41.116322+00,
94,7,起司豬排飯,65.0,2026-02-25 09:16:41.116322+00,
95,7,香滷豬排飯,65.0,2026-02-25 09:16:41.116322+00,
96,7,蜜汁排骨飯,65.0,2026-02-25 09:16:41.116322+00,
97,7,土魠魚飯,65.0,2026-02-25 09:16:41.116322+00,
98,7,金線蓮魚,65.0,2026-02-25 09:16:41.116322+00,
99,7,味噌鱈魚飯,65.0,2026-02-25 09:16:41.116322+00,
100,7,日本鹹魚飯,65.0,2026-02-25 09:16:41.116322+00,
101,7,吳郭魚飯,65.0,2026-02-25 09:16:41.116322+00,
102,7,肉魚飯,65.0,2026-02-25 09:16:41.116322+00,
103,7,白帶魚飯,65.0,2026-02-25 09:16:41.116322+00,
104,7,虱目魚肚飯,65.0,2026-02-25 09:16:41.116322+00,
105,7,秋刀魚飯,70.0,2026-02-25 09:16:41.116322+00,
106,7,香酥棒腿飯,75.0,2026-02-25 09:16:41.116322+00,
107,7,三杯雞腿飯,75.0,2026-02-25 09:16:41.116322+00,
108,7,椒鹽雞腿飯,80.0,2026-02-25 09:16:41.116322+00,
109,7,超大雞排飯,85.0,2026-02-25 09:16:41.116322+00,
110,7,脆皮雞排飯,85.0,2026-02-25 09:16:41.116322+00,
111,7,招牌雞腿飯,90.0,2026-02-25 09:16:41.116322+00,
112,8,五樣蔬菜飯盒,85.0,2026-02-25 09:19:05.200166+00,
113,8,柳葉魚仔飯盒,90.0,2026-02-25 09:19:05.200166+00,
114,8,現滷排骨飯盒,95.0,2026-02-25 09:19:05.200166+00,
115,8,咔啦腿排飯盒,100.0,2026-02-25 09:19:05.200166+00,
116,8,香酥排骨飯盒,100.0,2026-02-25 09:19:05.200166+00,
117,8,三杯雞米飯盒,100.0,2026-02-25 09:19:05.200166+00,
118,8,糖醋雞丁飯盒,100.0,2026-02-25 09:19:05.200166+00,
119,8,紅麴叉燒飯盒,100.0,2026-02-25 09:19:05.200166+00,
120,8,鹹魚雙拼飯盒,110.0,2026-02-25 09:19:05.200166+00,
121,8,台式鹹魚飯盒,115.0,2026-02-25 09:19:05.200166+00,
122,8,椒鹽雞排飯盒,120.0,2026-02-25 09:19:05.200166+00,
123,8,無刺虱目魚肚飯盒,130.0,2026-02-25 09:19:05.200166+00,
124,8,香滷雞腿飯盒,130.0,2026-02-25 09:19:05.200166+00,
125,8,特製雞腿飯盒,130.0,2026-02-25 09:19:05.200166+00,
126,8,商業會議餐盒,260.0,2026-02-25 09:19:05.200166+00,
127,9,白飯,15.0,2026-02-25 09:20:46.598313+00,
128,9,野菜蛋花湯,30.0,2026-02-25 09:20:46.598313+00,
129,9,辣味臭豆腐 (1份/2塊),35.0,2026-02-25 09:20:46.598313+00,
130,9,拌青菜,50.0,2026-02-25 09:20:46.598313+00,
131,9,空心菜丁香湯,50.0,2026-02-25 09:20:46.598313+00,
132,9,野菜丁香湯,50.0,2026-02-25 09:20:46.598313+00,
133,9,蒜頭蜆仔湯,50.0,2026-02-25 09:20:46.598313+00,
134,9,蕃茄醬蛋炒飯,55.0,2026-02-25 09:20:46.598313+00,
135,9,招牌腸蛋湯,55.0,2026-02-25 09:20:46.598313+00,
136,9,炸紅槽排骨肉,55.0,2026-02-25 09:20:46.598313+00,
137,9,培根炒飯,65.0,2026-02-25 09:20:46.598313+00,
138,9,高麗菜干炒飯,65.0,2026-02-25 09:20:46.598313+00,
139,9,泡菜炒飯,65.0,2026-02-25 09:20:46.598313+00,
140,9,涼拌雲耳,65.0,2026-02-25 09:20:46.598313+00,
141,9,鹹魚炒飯,70.0,2026-02-25 09:20:46.598313+00,
142,9,雞肉絲炒飯,70.0,2026-02-25 09:20:46.598313+00,
143,9,香腸炒飯,70.0,2026-02-25 09:20:46.598313+00,
144,9,咖哩三層肉炒飯,70.0,2026-02-25 09:20:46.598313+00,
145,9,芙蓉豆腐,70.0,2026-02-25 09:20:46.598313+00,
146,9,章魚跳跳飯,75.0,2026-02-25 09:20:46.598313+00,
147,9,肉類綜合飯,75.0,2026-02-25 09:20:46.598313+00,
148,9,海鮮綜合飯,80.0,2026-02-25 09:20:46.598313+00,
149,9,沙拉三色蛋,85.0,2026-02-25 09:20:46.598313+00,
150,9,櫻花蝦炒飯,90.0,2026-02-25 09:20:46.598313+00,
151,9,炒丁香,90.0,2026-02-25 09:20:46.598313+00,
152,9,涼拌生洋蔥,90.0,2026-02-25 09:20:46.598313+00,
153,9,涼拌油花生,90.0,2026-02-25 09:20:46.598313+00,
154,9,麻油豬肝炒飯,95.0,2026-02-25 09:20:46.598313+00,
155,9,綜合炒飯,95.0,2026-02-25 09:20:46.598313+00,
156,9,油魚子炒飯,110.0,2026-02-25 09:20:46.598313+00,
157,9,香甜芋丸 (5粒),120.0,2026-02-25 09:20:46.598313+00,
158,9,帶肉花枝丸,130.0,2026-02-25 09:20:46.598313+00,
159,9,韭花酥餅,130.0,2026-02-25 09:20:46.598313+00,
160,9,牛腩燴高麗干 (附白飯),140.0,2026-02-25 09:20:46.598313+00,
161,9,豆鼓青龍丁香,140.0,2026-02-25 09:20:46.598313+00,
162,9,鹽酥魚柳,140.0,2026-02-25 09:20:46.598313+00,
163,9,宮保皮蛋,140.0,2026-02-25 09:20:46.598313+00,
164,9,五味五花肉,140.0,2026-02-25 09:20:46.598313+00,
165,9,煎花枝,150.0,2026-02-25 09:20:46.598313+00,
166,9,泡菜鹹豬肉,150.0,2026-02-25 09:20:46.598313+00,
167,9,京都雞塊,150.0,2026-02-25 09:20:46.598313+00,
168,9,金沙臭豆腐,180.0,2026-02-25 09:20:46.598313+00,
169,10,蔬菜飯,80.0,2026-02-25 09:22:27.954611+00,
170,10,蔥爆豬肉飯,85.0,2026-02-25 09:22:27.954611+00,
171,10,無骨腿排飯,85.0,2026-02-25 09:22:27.954611+00,
172,10,排骨飯,85.0,2026-02-25 09:22:27.954611+00,
173,10,煎鹹魚飯,90.0,2026-02-25 09:22:27.954611+00,
174,10,煎白帶魚飯,90.0,2026-02-25 09:22:27.954611+00,
175,10,叉燒飯,95.0,2026-02-25 09:22:27.954611+00,
176,10,煎魚肚飯,95.0,2026-02-25 09:22:27.954611+00,
177,10,烤鴨飯,95.0,2026-02-25 09:22:27.954611+00,
178,10,宮保雞丁飯,95.0,2026-02-25 09:22:27.954611+00,
179,10,烤鴨腿飯,100.0,2026-02-25 09:22:27.954611+00,
180,10,三寶飯,100.0,2026-02-25 09:22:27.954611+00,
181,10,二寶飯 (鴨/雞/叉燒 任選二),100.0,2026-02-25 09:22:27.954611+00,
182,10,香雞排飯,100.0,2026-02-25 09:22:27.954611+00,
183,10,招牌雞腿飯,110.0,2026-02-25 09:22:27.954611+00,
184,10,烤雞腿飯,110.0,2026-02-25 09:22:27.954611+00,
185,10,油雞腿飯,110.0,2026-02-25 09:22:27.954611+00,
186,11,油豆腐,10.0,2026-02-25 09:24:18.086187+00,
187,11,魯蛋,15.0,2026-02-25 09:24:18.086187+00,
188,11,魯丸,15.0,2026-02-25 09:24:18.086187+00,
189,11,白飯,15.0,2026-02-25 09:24:18.086187+00,
190,11,紅茶,20.0,2026-02-25 09:24:18.086187+00,
191,11,肉燥飯(小),30.0,2026-02-25 09:24:18.086187+00,
192,11,魯筍干,35.0,2026-02-25 09:24:18.086187+00,
193,11,肉燥飯(大),40.0,2026-02-25 09:24:18.086187+00,
194,11,雞肉絲飯(小),40.0,2026-02-25 09:24:18.086187+00,
195,11,新竹貢丸湯,40.0,2026-02-25 09:24:18.086187+00,
196,11,燙青菜,40.0,2026-02-25 09:24:18.086187+00,
197,11,炸豆腐,50.0,2026-02-25 09:24:18.086187+00,
198,11,小雞塊 (6塊),50.0,2026-02-25 09:24:18.086187+00,
199,11,雞肉絲飯(大),50.0,2026-02-25 09:24:18.086187+00,
200,11,炸豬排,60.0,2026-02-25 09:24:18.086187+00,
201,11,花枝丸 (3粒),60.0,2026-02-25 09:24:18.086187+00,
202,11,炸雞腿排(去骨),70.0,2026-02-25 09:24:18.086187+00,
203,11,蝦卷,70.0,2026-02-25 09:24:18.086187+00,
204,11,魚卵沙拉,70.0,2026-02-25 09:24:18.086187+00,
205,11,浮水魚羹,75.0,2026-02-25 09:24:18.086187+00,
206,11,浮水魚羹飯,75.0,2026-02-25 09:24:18.086187+00,
207,11,浮水魚羹麵,75.0,2026-02-25 09:24:18.086187+00,
208,11,浮水魚羹米粉,75.0,2026-02-25 09:24:18.086187+00,
209,11,浮水魚羹 (米粉+麵),75.0,2026-02-25 09:24:18.086187+00,
210,11,雞肉絲便當,85.0,2026-02-25 09:24:18.086187+00,
211,11,香酥土魠魚 (每份),90.0,2026-02-25 09:24:18.086187+00,
212,11,土魠魚羹,95.0,2026-02-25 09:24:18.086187+00,
213,11,土魠魚羹飯,95.0,2026-02-25 09:24:18.086187+00,
214,11,土魠魚羹麵,95.0,2026-02-25 09:24:18.086187+00,
215,11,土魠魚羹米粉,95.0,2026-02-25 09:24:18.086187+00,
216,11,土魠魚羹 (米粉+麵),95.0,2026-02-25 09:24:18.086187+00,
217,11,炸豬排便當,95.0,2026-02-25 09:24:18.086187+00,
218,11,土魠魚便當,95.0,2026-02-25 09:24:18.086187+00,
219,11,雞腿便當,105.0,2026-02-25 09:24:18.086187+00,
220,11,新竹海瑞貢丸 (一包),190.0,2026-02-25 09:24:18.086187+00,
221,11,香酥土魠魚 (半斤),210.0,2026-02-25 09:24:18.086187+00,
222,11,香酥土魠魚 (一斤),420.0,2026-02-25 09:24:18.086187+00,
223,12,米奇飯盒 (黃金小豬排),75.0,2026-02-25 09:26:23.216406+00,
224,12,米妮飯盒 (小雞腿塊),75.0,2026-02-25 09:26:23.216406+00,
225,12,美人魚飯盒 (小鱈魚),75.0,2026-02-25 09:26:23.216406+00,
226,12,半出家飯菜 (四季時蔬),80.0,2026-02-25 09:26:23.216406+00,
227,12,蒲燒鯛魚肚,85.0,2026-02-25 09:26:23.216406+00,
228,12,泰式檸檬雞排,90.0,2026-02-25 09:26:23.216406+00,
229,12,雞腿特餐 (半隻腿Half),95.0,2026-02-25 09:26:23.216406+00,
230,12,辣味香酥雞腿排,95.0,2026-02-25 09:26:23.216406+00,
231,12,紅麴紅糟肉,95.0,2026-02-25 09:26:23.216406+00,
232,12,小麥色美腿 (烤腿),100.0,2026-02-25 09:26:23.216406+00,
233,12,香辣宮保雞丁,100.0,2026-02-25 09:26:23.216406+00,
234,12,古早味排骨,100.0,2026-02-25 09:26:23.216406+00,
235,12,慢燉爌肉,100.0,2026-02-25 09:26:23.216406+00,
236,12,泰式打拋豬,100.0,2026-02-25 09:26:23.216406+00,
237,12,闆娘蔥油雞,110.0,2026-02-25 09:26:23.216406+00,
238,12,日式黃金豬排,110.0,2026-02-25 09:26:23.216406+00,
239,12,冰島鱈魚排,110.0,2026-02-25 09:26:23.216406+00,
240,12,挪威烤鯖魚,110.0,2026-02-25 09:26:23.216406+00,
241,12,招牌山珍海味,110.0,2026-02-25 09:26:23.216406+00,
242,12,① 雞塊+小豬排,110.0,2026-02-25 09:26:23.216406+00,
243,12,② 雞塊+打拋豬肉,110.0,2026-02-25 09:26:23.216406+00,
244,12,③ 雞塊+鯖魚,110.0,2026-02-25 09:26:23.216406+00,
245,12,④ 雞塊+鱈魚,110.0,2026-02-25 09:26:23.216406+00,
246,12,⑤ 小豬排+鯖魚,110.0,2026-02-25 09:26:23.216406+00,
247,12,⑥ 小豬排+鱈魚,110.0,2026-02-25 09:26:23.216406+00,
248,12,⑦ 打拋豬肉+鯖魚,110.0,2026-02-25 09:26:23.216406+00,
249,12,⑧ 打拋豬肉+鱈魚,110.0,2026-02-25 09:26:23.216406+00,
250,12,饟饟炸雞腿,120.0,2026-02-25 09:26:23.216406+00,
251,12,雲南椒麻雞,130.0,2026-02-25 09:26:23.216406+00,
252,13,紫菜湯,15.0,2026-02-25 09:27:52.214129+00,
253,13,滷蛋,15.0,2026-02-25 09:27:52.214129+00,
254,13,油豆腐,15.0,2026-02-25 09:27:52.214129+00,
255,13,味噌湯,20.0,2026-02-25 09:27:52.214129+00,
256,13,菜頭湯,20.0,2026-02-25 09:27:52.214129+00,
257,13,肉燥飯,30.0,2026-02-25 09:27:52.214129+00,
258,13,香腸 (主菜),30.0,2026-02-25 09:27:52.214129+00,
259,13,滷筍乾,30.0,2026-02-25 09:27:52.214129+00,
260,13,魚丸湯,35.0,2026-02-25 09:27:52.214129+00,
261,13,燙青菜,35.0,2026-02-25 09:27:52.214129+00,
262,13,涼拌木耳,35.0,2026-02-25 09:27:52.214129+00,
263,13,台式泡菜,35.0,2026-02-25 09:27:52.214129+00,
264,13,皮蛋豆腐,35.0,2026-02-25 09:27:52.214129+00,
265,13,苦瓜封,45.0,2026-02-25 09:27:52.214129+00,
266,13,苦瓜封湯,50.0,2026-02-25 09:27:52.214129+00,
267,13,日式鯖魚 (主菜),50.0,2026-02-25 09:27:52.214129+00,
268,13,蒜泥白肉,50.0,2026-02-25 09:27:52.214129+00,
269,13,日式鯖魚飯,55.0,2026-02-25 09:27:52.214129+00,
270,13,香腸肉燥飯,55.0,2026-02-25 09:27:52.214129+00,
271,13,清燉嫩骨湯,55.0,2026-02-25 09:27:52.214129+00,
272,13,滷排骨 (主菜),55.0,2026-02-25 09:27:52.214129+00,
273,13,滷排飯,60.0,2026-02-25 09:27:52.214129+00,
274,13,紅燒嫩骨 (主菜),60.0,2026-02-25 09:27:52.214129+00,
275,13,片鴨切盤 (主菜),60.0,2026-02-25 09:27:52.214129+00,
276,13,糖醋里肌 (主菜),60.0,2026-02-25 09:27:52.214129+00,
277,13,宮保雞丁 (主菜),60.0,2026-02-25 09:27:52.214129+00,
278,13,紅燒獅子頭 (主菜),60.0,2026-02-25 09:27:52.214129+00,
279,13,滷大腸,60.0,2026-02-25 09:27:52.214129+00,
280,13,嫩骨飯,65.0,2026-02-25 09:27:52.214129+00,
281,13,片鴨飯,65.0,2026-02-25 09:27:52.214129+00,
282,13,紅燒獅子頭飯,65.0,2026-02-25 09:27:52.214129+00,
283,13,糖醋里肌飯,65.0,2026-02-25 09:27:52.214129+00,
284,13,宮保雞丁飯,65.0,2026-02-25 09:27:52.214129+00,
285,13,麻油雞湯,65.0,2026-02-25 09:27:52.214129+00,
286,13,滷雞腿 (主菜),70.0,2026-02-25 09:27:52.214129+00,
287,13,滷豬腳飯,75.0,2026-02-25 09:27:52.214129+00,
288,13,滷雞腿飯,75.0,2026-02-25 09:27:52.214129+00,
289,13,滷豬腳 (主菜),75.0,2026-02-25 09:27:52.214129+00,
290,13,紅燒牛肉 (主菜),75.0,2026-02-25 09:27:52.214129+00,
291,13,雙拼飯,80.0,2026-02-25 09:27:52.214129+00,
292,13,海陸飯,80.0,2026-02-25 09:27:52.214129+00,
293,13,紅燒牛肉飯,80.0,2026-02-25 09:27:52.214129+00,
294,13,香腸飯包,80.0,2026-02-25 09:27:52.214129+00,
295,13,日式鯖魚飯包,85.0,2026-02-25 09:27:52.214129+00,
296,13,滷排飯包,90.0,2026-02-25 09:27:52.214129+00,
297,13,嫩骨飯包,95.0,2026-02-25 09:27:52.214129+00,
298,13,片鴨飯包,95.0,2026-02-25 09:27:52.214129+00,
299,13,紅燒獅子頭飯包,95.0,2026-02-25 09:27:52.214129+00,
300,13,糖醋里肌飯包,95.0,2026-02-25 09:27:52.214129+00,
301,13,宮保雞丁飯包,95.0,2026-02-25 09:27:52.214129+00,
302,13,紅燒嫩骨麵,95.0,2026-02-25 09:27:52.214129+00,
303,13,清燉嫩骨麵,95.0,2026-02-25 09:27:52.214129+00,
304,13,養生嫩骨冬粉,95.0,2026-02-25 09:27:52.214129+00,
305,13,養生嫩骨粥,95.0,2026-02-25 09:27:52.214129+00,
306,13,紅燒豬腳麵,100.0,2026-02-25 09:27:52.214129+00,
307,13,麻油雞麵線,100.0,2026-02-25 09:27:52.214129+00,
308,13,麻油雞冬粉,100.0,2026-02-25 09:27:52.214129+00,
309,13,滷豬腳飯包,105.0,2026-02-25 09:27:52.214129+00,
310,13,滷雞腿飯包,105.0,2026-02-25 09:27:52.214129+00,
311,13,雙拼飯包,110.0,2026-02-25 09:27:52.214129+00,
312,13,海陸飯包,110.0,2026-02-25 09:27:52.214129+00,
313,13,紅燒牛肉飯包,110.0,2026-02-25 09:27:52.214129+00,
314,13,香腸套餐 (A餐),120.0,2026-02-25 09:27:52.214129+00,
315,13,日式鯖魚套餐 (A餐),125.0,2026-02-25 09:27:52.214129+00,
316,13,滷排套餐 (A餐),130.0,2026-02-25 09:27:52.214129+00,
317,13,香腸套餐 (B餐),135.0,2026-02-25 09:27:52.214129+00,
318,13,嫩骨套餐 (A餐),135.0,2026-02-25 09:27:52.214129+00,
319,13,片鴨套餐 (A餐),135.0,2026-02-25 09:27:52.214129+00,
320,13,紅燒獅子頭套餐 (A餐),135.0,2026-02-25 09:27:52.214129+00,
321,13,糖醋里肌套餐 (A餐),135.0,2026-02-25 09:27:52.214129+00,
322,13,宮保雞丁套餐 (A餐),135.0,2026-02-25 09:27:52.214129+00,
323,13,日式鯖魚套餐 (B餐),140.0,2026-02-25 09:27:52.214129+00,
324,13,滷豬腳套餐 (A餐),145.0,2026-02-25 09:27:52.214129+00,
325,13,滷雞腿套餐 (A餐),145.0,2026-02-25 09:27:52.214129+00,
326,13,滷排套餐 (B餐),150.0,2026-02-25 09:27:52.214129+00,
327,13,嫩骨套餐 (B餐),150.0,2026-02-25 09:27:52.214129+00,
328,13,片鴨套餐 (B餐),150.0,2026-02-25 09:27:52.214129+00,
329,13,紅燒獅子頭套餐 (B餐),150.0,2026-02-25 09:27:52.214129+00,
330,13,糖醋里肌套餐 (B餐),150.0,2026-02-25 09:27:52.214129+00,
331,13,宮保雞丁套餐 (B餐),150.0,2026-02-25 09:27:52.214129+00,
332,13,雙拼套餐 (A餐),150.0,2026-02-25 09:27:52.214129+00,
333,13,海陸套餐 (A餐),150.0,2026-02-25 09:27:52.214129+00,
334,13,紅燒牛肉套餐 (A餐),150.0,2026-02-25 09:27:52.214129+00,
335,13,烤鴨腿切盤 (主菜),150.0,2026-02-25 09:27:52.214129+00,
336,13,滷豬腳套餐 (B餐),160.0,2026-02-25 09:27:52.214129+00,
337,13,滷雞腿套餐 (B餐),160.0,2026-02-25 09:27:52.214129+00,
338,13,雙拼套餐 (B餐),165.0,2026-02-25 09:27:52.214129+00,
339,13,海陸套餐 (B餐),165.0,2026-02-25 09:27:52.214129+00,
340,13,紅燒牛肉套餐 (B餐),165.0,2026-02-25 09:27:52.214129+00,
341,14,香腸飯,90.0,2026-02-25 09:29:58.046097+00,
342,14,炸豬扒飯,90.0,2026-02-25 09:29:58.046097+00,
343,14,烤雞腿飯,105.0,2026-02-25 09:29:58.046097+00,
344,14,炸雞腿飯,105.0,2026-02-25 09:29:58.046097+00,
345,14,玫瑰鼓油雞腿飯,110.0,2026-02-25 09:29:58.046097+00,
346,14,叉燒飯,110.0,2026-02-25 09:29:58.046097+00,
347,14,各式雙拼飯,120.0,2026-02-25 09:29:58.046097+00,
348,14,脆皮燒肉飯,125.0,2026-02-25 09:29:58.046097+00,
349,14,鴨腿飯,130.0,2026-02-25 09:29:58.046097+00,
350,14,三寶飯,130.0,2026-02-25 09:29:58.046097+00,
351,14,招牌飯,140.0,2026-02-25 09:29:58.046097+00,
352,15,高麗菜水餃 (每顆),10.0,2026-02-25 09:31:56.346715+00,
353,15,韭菜水餃 (每顆),10.0,2026-02-25 09:31:56.346715+00,
354,15,玉米水餃 (每顆),10.0,2026-02-25 09:31:56.346715+00,
355,15,泡菜水餃 (每顆),12.0,2026-02-25 09:31:56.346715+00,
356,15,剝皮辣椒水餃 (每顆),12.0,2026-02-25 09:31:56.346715+00,
357,15,丸子湯,30.0,2026-02-25 09:31:56.346715+00,
358,15,味噌湯,30.0,2026-02-25 09:31:56.346715+00,
359,15,青菜蛋花湯,30.0,2026-02-25 09:31:56.346715+00,
360,15,炸豬排 (單點),50.0,2026-02-25 09:31:56.346715+00,
361,15,炸雞排 (單點),50.0,2026-02-25 09:31:56.346715+00,
362,15,椒鹽雞丁 (單點),50.0,2026-02-25 09:31:56.346715+00,
363,15,限量爌肉 (單點),50.0,2026-02-25 09:31:56.346715+00,
364,15,香煎鯖魚 (單點),50.0,2026-02-25 09:31:56.346715+00,
365,15,蛋炒飯,60.0,2026-02-25 09:31:56.346715+00,
366,15,肉絲炒飯,70.0,2026-02-25 09:31:56.346715+00,
367,15,香腸炒飯,70.0,2026-02-25 09:31:56.346715+00,
368,15,蝦仁炒飯,70.0,2026-02-25 09:31:56.346715+00,
369,15,綜合炒飯,80.0,2026-02-25 09:31:56.346715+00,
370,15,炸豬排炒飯,100.0,2026-02-25 09:31:56.346715+00,
371,15,炸雞排炒飯,100.0,2026-02-25 09:31:56.346715+00,
372,15,椒鹽雞丁炒飯,100.0,2026-02-25 09:31:56.346715+00,
373,15,泡菜燒肉飯,100.0,2026-02-25 09:31:56.346715+00,
374,15,咖哩豬排飯,100.0,2026-02-25 09:31:56.346715+00,
375,15,咖哩雞排飯,100.0,2026-02-25 09:31:56.346715+00,
376,15,炸豬排飯,100.0,2026-02-25 09:31:56.346715+00,
377,15,炸雞排飯,100.0,2026-02-25 09:31:56.346715+00,
378,15,椒鹽雞丁飯,100.0,2026-02-25 09:31:56.346715+00,
379,15,限量爌肉飯,100.0,2026-02-25 09:31:56.346715+00,
380,15,香煎鯖魚飯,100.0,2026-02-25 09:31:56.346715+00,
381,15,打拋豬飯,100.0,2026-02-25 09:31:56.346715+00,
382,20,現烤香腸,15.0,2026-02-25 09:51:08.05007+00,
383,20,現煎荷包蛋,15.0,2026-02-25 09:51:08.05007+00,
384,20,日式味噌湯,30.0,2026-02-25 09:51:08.05007+00,
385,20,鮮採竹筍湯,30.0,2026-02-25 09:51:08.05007+00,
386,20,大根貢丸湯,30.0,2026-02-25 09:51:08.05007+00,
387,20,A餐 (現烤香腸+精選湯品),35.0,2026-02-25 09:51:08.05007+00,
388,20,韓國泡菜,35.0,2026-02-25 09:51:08.05007+00,
389,20,花露冷萃茶,45.0,2026-02-25 09:51:08.05007+00,
390,20,桂圓冬瓜茶,45.0,2026-02-25 09:51:08.05007+00,
391,20,山採女兒紅,45.0,2026-02-25 09:51:08.05007+00,
392,20,B餐 (現烤香腸+手作好茶),50.0,2026-02-25 09:51:08.05007+00,
393,20,超吉燒肉丼飯,99.0,2026-02-25 09:51:08.05007+00,
394,20,泡菜燒肉丼飯,105.0,2026-02-25 09:51:08.05007+00,
395,20,打拋豬肉丼飯,110.0,2026-02-25 09:51:08.05007+00,
396,20,照燒雞腿丼飯,115.0,2026-02-25 09:51:08.05007+00,
397,20,黃金豬排丼飯,115.0,2026-02-25 09:51:08.05007+00,
398,20,和風牛肉丼飯,120.0,2026-02-25 09:51:08.05007+00,
399,20,厚燒排骨丼飯,125.0,2026-02-25 09:51:08.05007+00,
400,20,蜜汁雞排丼飯,135.0,2026-02-25 09:51:08.05007+00,
401,29,炸排骨 (單點),40.0,2026-02-25 10:05:58.46713+00,
402,29,烤排骨 (單點),40.0,2026-02-25 10:05:58.46713+00,
403,29,炸雞腿 (單點),50.0,2026-02-25 10:05:58.46713+00,
404,29,滷雞腿 (單點),50.0,2026-02-25 10:05:58.46713+00,
405,29,靖魚 (單點),50.0,2026-02-25 10:05:58.46713+00,
406,29,土魠魚 (單點),50.0,2026-02-25 10:05:58.46713+00,
407,29,五香滷雞腿便當,70.0,2026-02-25 10:05:58.46713+00,
408,29,酥炸雞腿便當,70.0,2026-02-25 10:05:58.46713+00,
409,29,炸排骨便當,70.0,2026-02-25 10:05:58.46713+00,
410,29,烤豬排便當,70.0,2026-02-25 10:05:58.46713+00,
411,29,主廚每日特餐,70.0,2026-02-25 10:05:58.46713+00,
412,29,烤靖魚便當,80.0,2026-02-25 10:05:58.46713+00,
413,29,香煎土魠魚便當,80.0,2026-02-25 10:05:58.46713+00,
414,30,招牌鍋貼,7.0,2026-02-26 02:30:20.265334+00,
415,30,韭菜鍋貼,7.0,2026-02-26 02:30:20.265334+00,
416,30,韓式辣味鍋貼,7.0,2026-02-26 02:30:20.265334+00,
417,30,咖哩雞肉鍋貼,7.0,2026-02-26 02:30:20.265334+00,
418,30,玉米鍋貼,7.0,2026-02-26 02:30:20.265334+00,
419,30,招牌水餃,7.0,2026-02-26 02:30:20.265334+00,
420,30,韭菜水餃,7.0,2026-02-26 02:30:20.265334+00,
421,30,韓式辣味水餃,7.0,2026-02-26 02:30:20.265334+00,
422,30,咖哩雞肉水餃,7.0,2026-02-26 02:30:20.265334+00,
423,30,玉米水餃,7.0,2026-02-26 02:30:20.265334+00,
424,30,新蔬食鍋貼,7.5,2026-02-26 02:30:20.265334+00,
425,30,新蔬食水餃,7.5,2026-02-26 02:30:20.265334+00,
426,30,鮮蝦水餃,10.5,2026-02-26 02:30:20.265334+00,
427,30,滷蛋,15.0,2026-02-26 02:30:20.265334+00,
428,30,香濃白豆漿,20.0,2026-02-26 02:30:20.265334+00,
429,30,香濃白豆漿(無加糖),20.0,2026-02-26 02:30:20.265334+00,
430,30,黑豆漿,20.0,2026-02-26 02:30:20.265334+00,
431,30,真傳特調紅茶,20.0,2026-02-26 02:30:20.265334+00,
432,30,涼拌豆腐 (紅油/麻醬/蠔油),30.0,2026-02-26 02:30:20.265334+00,
433,30,黃金泡菜,30.0,2026-02-26 02:30:20.265334+00,
434,30,酸辣湯,35.0,2026-02-26 02:30:20.265334+00,
435,30,玉米濃湯,35.0,2026-02-26 02:30:20.265334+00,
436,30,旗魚花枝丸湯,35.0,2026-02-26 02:30:20.265334+00,
437,30,蘿蔔湯,35.0,2026-02-26 02:30:20.265334+00,
438,30,黃金豆腐,35.0,2026-02-26 02:30:20.265334+00,
439,30,燙青菜,35.0,2026-02-26 02:30:20.265334+00,
440,30,和風秋葵,35.0,2026-02-26 02:30:20.265334+00,
441,30,薄鹽毛豆,35.0,2026-02-26 02:30:20.265334+00,
442,30,燉蘿蔔,35.0,2026-02-26 02:30:20.265334+00,
443,30,豬頭皮切片,40.0,2026-02-26 02:30:20.265334+00,
444,30,豆干切片,40.0,2026-02-26 02:30:20.265334+00,
445,30,豆干+滷蛋,40.0,2026-02-26 02:30:20.265334+00,
446,30,豆干+豬頭皮,40.0,2026-02-26 02:30:20.265334+00,
447,30,滷蛋+豬頭皮,40.0,2026-02-26 02:30:20.265334+00,
448,30,古早味乾麵,45.0,2026-02-26 02:30:20.265334+00,
449,30,古早味湯麵,45.0,2026-02-26 02:30:20.265334+00,
450,30,皮蛋豆腐,45.0,2026-02-26 02:30:20.265334+00,
451,30,珍珠餛飩湯,50.0,2026-02-26 02:30:20.265334+00,
452,30,招牌乾麵,55.0,2026-02-26 02:30:20.265334+00,
453,30,麻醬乾麵,55.0,2026-02-26 02:30:20.265334+00,
454,30,紹辣乾麵,60.0,2026-02-26 02:30:20.265334+00,
455,30,珍珠抄手 (8顆),60.0,2026-02-26 02:30:20.265334+00,
456,30,菜肉大餛飩湯,60.0,2026-02-26 02:30:20.265334+00,
457,30,古早味排骨,68.0,2026-02-26 02:30:20.265334+00,
458,30,酸辣湯麵,70.0,2026-02-26 02:30:20.265334+00,
459,30,珍珠餛飩麵,70.0,2026-02-26 02:30:20.265334+00,
460,30,菜肉大抄手 (6顆),75.0,2026-02-26 02:30:20.265334+00,
461,30,菜肉大餛飩麵,80.0,2026-02-26 02:30:20.265334+00,
462,30,榨菜肉絲麵,80.0,2026-02-26 02:30:20.265334+00,
463,30,紹辣珍珠餛飩麵,80.0,2026-02-26 02:30:20.265334+00,
464,30,紹辣菜肉大餛飩麵,90.0,2026-02-26 02:30:20.265334+00,
465,30,酸辣湯餃 (8粒),90.0,2026-02-26 02:30:20.265334+00,
466,30,玉米湯餃 (8粒),90.0,2026-02-26 02:30:20.265334+00,
467,30,梁師傅排骨麵,105.0,2026-02-26 02:30:20.265334+00,
468,30,紅燒牛肉湯餃 (8粒),120.0,2026-02-26 02:30:20.265334+00,
469,30,麻辣牛肉湯餃 (8粒),125.0,2026-02-26 02:30:20.265334+00,
470,30,紅燒牛湯珍珠餛飩 (10顆),125.0,2026-02-26 02:30:20.265334+00,
471,30,紅燒牛湯菜肉大餛飩 (6顆),125.0,2026-02-26 02:30:20.265334+00,
472,30,麻辣牛湯珍珠餛飩 (10顆),130.0,2026-02-26 02:30:20.265334+00,
473,30,麻辣牛湯菜肉大餛飩 (6顆),130.0,2026-02-26 02:30:20.265334+00,
474,30,紅燒牛肉湯,158.0,2026-02-26 02:30:20.265334+00,
475,30,清燉牛肉湯,158.0,2026-02-26 02:30:20.265334+00,
476,30,紅燒牛肉麵,168.0,2026-02-26 02:30:20.265334+00,
477,30,清燉牛肉麵,168.0,2026-02-26 02:30:20.265334+00,
478,30,麻辣牛肉湯,168.0,2026-02-26 02:30:20.265334+00,
479,30,麻辣牛肉麵,178.0,2026-02-26 02:30:20.265334+00,
480,31,熟成紅茶,30.0,2026-02-26 02:40:32.237278+00,
481,31,金萱青,30.0,2026-02-26 02:40:32.237278+00,
482,31,純釀冬瓜,30.0,2026-02-26 02:40:32.237278+00,
483,31,冬瓜青,30.0,2026-02-26 02:40:32.237278+00,
484,31,金萱双Q,40.0,2026-02-26 02:40:32.237278+00,
485,31,冬瓜檸檬,40.0,2026-02-26 02:40:32.237278+00,
486,31,梅子青,40.0,2026-02-26 02:40:32.237278+00,
487,31,梅花鹿,40.0,2026-02-26 02:40:32.237278+00,
488,31,百香青,40.0,2026-02-26 02:40:32.237278+00,
489,31,鳳梨青茶,40.0,2026-02-26 02:40:32.237278+00,
490,31,早檸檬青茶,40.0,2026-02-26 02:40:32.237278+00,
491,31,鮮奶芋頭二寶 (仙草+芋頭+鮮奶),45.0,2026-02-26 02:40:32.237278+00,
492,31,鮮奶芋頭三寶 (波霸+仙草+芋頭+鮮奶),45.0,2026-02-26 02:40:32.237278+00,
493,31,翡翠檸檬,50.0,2026-02-26 02:40:32.237278+00,
494,31,柳橙青,50.0,2026-02-26 02:40:32.237278+00,
495,31,百香QQ,50.0,2026-02-26 02:40:32.237278+00,
496,31,冬瓜鮮奶,50.0,2026-02-26 02:40:32.237278+00,
497,31,紅茶鮮奶,55.0,2026-02-26 02:40:32.237278+00,
498,31,鮮奶芋頭一寶 (雙球芋頭+鮮奶),55.0,2026-02-26 02:40:32.237278+00,
499,31,水果冰茶,60.0,2026-02-26 02:40:32.237278+00,
500,31,波霸-紅茶鮮奶,60.0,2026-02-26 02:40:32.237278+00,
501,31,椰果-紅茶鮮奶,60.0,2026-02-26 02:40:32.237278+00,
502,31,仙草奶凍飲,60.0,2026-02-26 02:40:32.237278+00,
503,31,双Q-紅茶鮮奶,60.0,2026-02-26 02:40:32.237278+00,
504,31,鮮芋純鮮奶,65.0,2026-02-26 02:40:32.237278+00,
505,31,鮮芋黑旋風 (OREO芋頭冰砂),70.0,2026-02-26 02:40:32.237278+00,
506,31,帕瑪森起司嫩雞燉飯,80.0,2026-02-26 02:40:32.237278+00,
507,31,白醬帕瑪森嫩雞義大利麵,90.0,2026-02-26 02:40:32.237278+00,
508,31,泰酸辣嫩雞義大利麵,90.0,2026-02-26 02:40:32.237278+00,
509,31,羅勒經典嫩雞燉飯,95.0,2026-02-26 02:40:32.237278+00,
510,31,茄汁嫩雞鮮蛤燉飯,100.0,2026-02-26 02:40:32.237278+00,
511,31,紅醬茄汁嫩雞義大利麵,100.0,2026-02-26 02:40:32.237278+00,
512,31,北義松露野菇燉飯,110.0,2026-02-26 02:40:32.237278+00,
513,31,塔香嫩雞佐青醬義大利麵,110.0,2026-02-26 02:40:32.237278+00,
514,31,白酒蛤蠣義大利麵,115.0,2026-02-26 02:40:32.237278+00,
515,31,紅醬鄉村豬排義大利麵,120.0,2026-02-26 02:40:32.237278+00,
516,31,西班牙番茄海鮮燉飯,125.0,2026-02-26 02:40:32.237278+00,
517,31,西西里酸辣海鮮義大利麵,130.0,2026-02-26 02:40:32.237278+00,
518,31,泰式義大利麵-佐唐揚雞,135.0,2026-02-26 02:40:32.237278+00,
519,31,米蘭-茄汁海鮮義大利麵,135.0,2026-02-26 02:40:32.237278+00,
520,31,莫里尼雞腿排起司燉飯,140.0,2026-02-26 02:40:32.237278+00,
521,31,羅勒鮭魚排燉飯,140.0,2026-02-26 02:40:32.237278+00,
522,31,匈牙利羅勒海陸總匯燉飯,150.0,2026-02-26 02:40:32.237278+00,
523,31,鮭魚排佐青醬義大利麵,150.0,2026-02-26 02:40:32.237278+00,
524,31,里昂雞腿排起司義大利麵,150.0,2026-02-26 02:40:32.237278+00,
525,31,黑松露海鮮義大利麵,155.0,2026-02-26 02:40:32.237278+00,
526,31,豪華青醬海陸三享義大利麵,155.0,2026-02-26 02:40:32.237278+00,
527,31,黃金脆薯,45.0,2026-02-26 02:40:32.237278+00,
528,31,青菜蛋花湯,45.0,2026-02-26 02:40:32.237278+00,
529,31,薑絲蛤蠣湯,45.0,2026-02-26 02:40:32.237278+00,
530,31,香酥天婦羅,50.0,2026-02-26 02:40:32.237278+00,
531,31,辣味雞米花,50.0,2026-02-26 02:40:32.237278+00,
532,31,麥克雞塊,50.0,2026-02-26 02:40:32.237278+00,
533,31,唐揚炸雞,65.0,2026-02-26 02:40:32.237278+00,
534,31,香蔥雞肉蛋炒飯,80.0,2026-02-26 02:40:32.237278+00,
535,31,蔥豬肉絲蛋炒飯,80.0,2026-02-26 02:40:32.237278+00,
536,31,九層塔雞肉蛋炒飯,80.0,2026-02-26 02:40:32.237278+00,
537,31,東港櫻花蝦炒飯,80.0,2026-02-26 02:40:32.237278+00,
538,31,塔香雞肉乾炒意麵,80.0,2026-02-26 02:40:32.237278+00,
539,31,黃金酥炸-去骨雞腿排,80.0,2026-02-26 02:40:32.237278+00,
540,31,傳家-鍋燒意麵,80.0,2026-02-26 02:40:32.237278+00,
541,31,泰式檸檬海鮮排特餐 (商業午餐),85.0,2026-02-26 02:40:32.237278+00,
542,31,鮭魚蛋炒飯,85.0,2026-02-26 02:40:32.237278+00,
543,31,豚醬燒肉特餐 (商業午餐),90.0,2026-02-26 02:40:32.237278+00,
544,31,醬燒炸豬排特餐 (商業午餐),90.0,2026-02-26 02:40:32.237278+00,
545,31,麻油雞肉蛋炒飯,90.0,2026-02-26 02:40:32.237278+00,
546,31,青蔥醬滷雞腿特餐 (商業午餐),95.0,2026-02-26 02:40:32.237278+00,
547,31,奶濃鍋燒意麵,95.0,2026-02-26 02:40:32.237278+00,
548,31,日式蕃茄鍋燒意麵,95.0,2026-02-26 02:40:32.237278+00,
549,31,泰式酸辣鍋燒意麵,95.0,2026-02-26 02:40:32.237278+00,
550,31,からあげ唐揚雞特餐 (商業午餐),100.0,2026-02-26 02:40:32.237278+00,
551,31,香檸鱈魚排特餐 (商業午餐),100.0,2026-02-26 02:40:32.237278+00,
552,31,花枝排-燒肉特餐 (商業午餐),110.0,2026-02-26 02:40:32.237278+00,
553,31,椒鹽唐揚雞-燒肉特餐 (商業午餐),110.0,2026-02-26 02:40:32.237278+00,
554,31,咖哩豬排燉飯,110.0,2026-02-26 02:40:32.237278+00,
555,31,豬排乾炒意麵,110.0,2026-02-26 02:40:32.237278+00,
556,31,爆炸雞咖哩燉飯,115.0,2026-02-26 02:40:32.237278+00,
557,31,新鮮鮭魚排特餐 (商業午餐),120.0,2026-02-26 02:40:32.237278+00,
558,31,炸雞腿排特餐(去骨雞腿) (商業午餐),120.0,2026-02-26 02:40:32.237278+00,
559,31,三鮮乾炒意麵,120.0,2026-02-26 02:40:32.237278+00,
560,31,酥炸豬排-鍋燒意麵,120.0,2026-02-26 02:40:32.237278+00,
561,31,大和-唐揚雞咖哩飯(去骨雞腿肉),125.0,2026-02-26 02:40:32.237278+00,
562,31,福岡玉子-雞腿排咖哩飯,140.0,2026-02-26 02:40:32.237278+00,
565,32,手作冬瓜茶 (M),20.0,2026-02-26 09:27:54.341652+00,
566,32,手作冬瓜茶 (L),25.0,2026-02-26 09:27:54.341652+00,
567,32,凍頂烏龍綠/青 (M),25.0,2026-02-26 09:27:54.341652+00,
568,32,凍頂烏龍綠/青 (L),30.0,2026-02-26 09:27:54.341652+00,
569,32,頂級茉香綠茶 (M),25.0,2026-02-26 09:27:54.341652+00,
570,32,頂級茉香綠茶 (L),30.0,2026-02-26 09:27:54.341652+00,
571,32,復刻紅茶 (M),25.0,2026-02-26 09:27:54.341652+00,
572,32,復刻紅茶 (L),30.0,2026-02-26 09:27:54.341652+00,
573,32,阿里山烏龍 (M),25.0,2026-02-26 09:27:54.341652+00,
574,32,阿里山烏龍 (L),30.0,2026-02-26 09:27:54.341652+00,
575,32,台灣青茶 (M),25.0,2026-02-26 09:27:54.341652+00,
576,32,台灣青茶 (L),30.0,2026-02-26 09:27:54.341652+00,
577,32,冬瓜青茶 (M),30.0,2026-02-26 09:27:54.341652+00,
578,32,冬瓜青茶 (L),35.0,2026-02-26 09:27:54.341652+00,
579,32,話梅綠茶 (M),30.0,2026-02-26 09:27:54.341652+00,
580,32,話梅綠茶 (L),35.0,2026-02-26 09:27:54.341652+00,
581,32,金桔檸檬汁 (M),40.0,2026-02-26 09:27:54.341652+00,
582,32,金桔檸檬汁 (L),50.0,2026-02-26 09:27:54.341652+00,
583,32,阿里山冰奶 (M),45.0,2026-02-26 09:27:54.341652+00,
584,32,阿里山冰奶 (L),50.0,2026-02-26 09:27:54.341652+00,
585,32,復刻奶茶 (M),45.0,2026-02-26 09:27:54.341652+00,
586,32,復刻奶茶 (L),50.0,2026-02-26 09:27:54.341652+00,
587,32,多多綠茶 (M),45.0,2026-02-26 09:27:54.341652+00,
588,32,多多綠茶 (L),50.0,2026-02-26 09:27:54.341652+00,
589,32,翡翠鮮檸檬 (M),45.0,2026-02-26 09:27:54.341652+00,
590,32,翡翠鮮檸檬 (L),50.0,2026-02-26 09:27:54.341652+00,
591,32,多多檸檬 (M),45.0,2026-02-26 09:27:54.341652+00,
592,32,多多檸檬 (L),55.0,2026-02-26 09:27:54.341652+00,
593,32,冬瓜檸檬 (M),45.0,2026-02-26 09:27:54.341652+00,
594,32,冬瓜檸檬 (L),50.0,2026-02-26 09:27:54.341652+00,
595,32,雙倍愛玉鮮檸檬 (M),50.0,2026-02-26 09:27:54.341652+00,
596,32,雙倍愛玉鮮檸檬 (L),55.0,2026-02-26 09:27:54.341652+00,
597,32,冰淇淋紅茶 (M),50.0,2026-02-26 09:27:54.341652+00,
598,32,冰淇淋紅茶 (L),55.0,2026-02-26 09:27:54.341652+00,
599,32,芒果青茶 (M),50.0,2026-02-26 09:27:54.341652+00,
600,32,芒果青茶 (L),55.0,2026-02-26 09:27:54.341652+00,
601,32,珍珠/波霸奶茶 (M),50.0,2026-02-26 09:27:54.341652+00,
602,32,珍珠/波霸奶茶 (L),55.0,2026-02-26 09:27:54.341652+00,
603,32,雙Q奶茶 (M),50.0,2026-02-26 09:27:54.341652+00,
604,32,雙Q奶茶 (L),55.0,2026-02-26 09:27:54.341652+00,
605,32,野生蜂蜜綠茶 (M),50.0,2026-02-26 09:27:54.341652+00,
606,32,野生蜂蜜綠茶 (L),55.0,2026-02-26 09:27:54.341652+00,
607,32,紅茶拿鐵 (M),50.0,2026-02-26 09:27:54.341652+00,
608,32,紅茶拿鐵 (L),60.0,2026-02-26 09:27:54.341652+00,
609,32,仙草凍冰奶茶 (M),55.0,2026-02-26 09:27:54.341652+00,
610,32,仙草凍冰奶茶 (L),60.0,2026-02-26 09:27:54.341652+00,
611,32,珍珠/波霸紅茶拿鐵 (M),55.0,2026-02-26 09:27:54.341652+00,
612,32,珍珠/波霸紅茶拿鐵 (L),65.0,2026-02-26 09:27:54.341652+00,
613,32,台灣甘蔗青茶 (M),55.0,2026-02-26 09:27:54.341652+00,
614,32,台灣甘蔗青茶 (L),60.0,2026-02-26 09:27:54.341652+00,
615,32,陳家野生蜂蜜 (M),55.0,2026-02-26 09:27:54.341652+00,
616,32,陳家野生蜂蜜 (L),65.0,2026-02-26 09:27:54.341652+00,
617,32,冰淇淋奶茶 (M),60.0,2026-02-26 09:27:54.341652+00,
618,32,冰淇淋奶茶 (L),65.0,2026-02-26 09:27:54.341652+00,
619,32,鮮奶仙草凍 (M),60.0,2026-02-26 09:27:54.341652+00,
620,32,義式可可歐蕾 (M),60.0,2026-02-26 09:27:54.341652+00,
621,32,手作冬瓜鮮奶 (M),60.0,2026-02-26 09:27:54.341652+00,
622,32,手作冬瓜鮮奶 (L),65.0,2026-02-26 09:27:54.341652+00,
623,32,野生蜂蜜檸檬 (M),60.0,2026-02-26 09:27:54.341652+00,
624,32,野生蜂蜜檸檬 (L),70.0,2026-02-26 09:27:54.341652+00,
625,32,新鮮柳丁綠 (M),60.0,2026-02-26 09:27:54.341652+00,
626,32,新鮮柳丁綠 (L),65.0,2026-02-26 09:27:54.341652+00,
627,32,新鮮柚美綠 (M),60.0,2026-02-26 09:27:54.341652+00,
628,32,新鮮柚美綠 (L),65.0,2026-02-26 09:27:54.341652+00,
629,32,新鮮柳丁多多 (M),65.0,2026-02-26 09:27:54.341652+00,
630,32,新鮮柳丁多多 (L),70.0,2026-02-26 09:27:54.341652+00,
631,32,新鮮柚美多多 (M),65.0,2026-02-26 09:27:54.341652+00,
632,32,新鮮柚美多多 (L),70.0,2026-02-26 09:27:54.341652+00,
633,32,台灣甘蔗鮮奶 (M),70.0,2026-02-26 09:27:54.341652+00,
634,32,台灣甘蔗鮮奶 (L),80.0,2026-02-26 09:27:54.341652+00,
635,32,野生蜂蜜鮮奶 (M),70.0,2026-02-26 09:27:54.341652+00,
636,33,火烏龍(重烘焙) (L),30.0,2026-02-26 09:31:08.827034+00,
637,33,火烏龍(重烘焙) (XL),40.0,2026-02-26 09:31:08.827034+00,
638,33,清香金萱 (L),30.0,2026-02-26 09:31:08.827034+00,
639,33,清香金萱 (XL),40.0,2026-02-26 09:31:08.827034+00,
640,33,碧波綠茶 (L),30.0,2026-02-26 09:31:08.827034+00,
641,33,碧波綠茶 (XL),40.0,2026-02-26 09:31:08.827034+00,
642,33,熟成紅茶 (L),30.0,2026-02-26 09:31:08.827034+00,
643,33,熟成紅茶 (XL),40.0,2026-02-26 09:31:08.827034+00,
644,33,名間冬片 (L),30.0,2026-02-26 09:31:08.827034+00,
645,33,名間冬片 (XL),40.0,2026-02-26 09:31:08.827034+00,
646,33,古早味紅茶 (L),30.0,2026-02-26 09:31:08.827034+00,
647,33,古早味紅茶 (XL),40.0,2026-02-26 09:31:08.827034+00,
648,33,火烏龍綠茶/青茶 (L),30.0,2026-02-26 09:31:08.827034+00,
649,33,火烏龍綠茶/青茶 (XL),40.0,2026-02-26 09:31:08.827034+00,
650,33,古早味冬瓜 (L),30.0,2026-02-26 09:31:08.827034+00,
651,33,古早味冬瓜 (XL),40.0,2026-02-26 09:31:08.827034+00,
652,33,冬瓜紅茶/綠茶/青茶/烏龍 (L),30.0,2026-02-26 09:31:08.827034+00,
653,33,冬瓜紅茶/綠茶/青茶/烏龍 (XL),40.0,2026-02-26 09:31:08.827034+00,
654,33,琥烏龍(輕烘焙) (L),35.0,2026-02-26 09:31:08.827034+00,
655,33,黃金蕎麥茶 (L),35.0,2026-02-26 09:31:08.827034+00,
656,33,黃金蕎麥茶 (XL),45.0,2026-02-26 09:31:08.827034+00,
657,33,蕎麥冬瓜/紅茶 (L),35.0,2026-02-26 09:31:08.827034+00,
658,33,蕎麥冬瓜/紅茶 (XL),45.0,2026-02-26 09:31:08.827034+00,
659,33,典典奶茶 (L),40.0,2026-02-26 09:31:08.827034+00,
660,33,典典奶茶 (XL),55.0,2026-02-26 09:31:08.827034+00,
661,33,抹茶奶綠 (L),40.0,2026-02-26 09:31:08.827034+00,
662,33,濃萃黑咖啡 (M),40.0,2026-02-26 09:31:08.827034+00,
663,33,多多綠 (L),45.0,2026-02-26 09:31:08.827034+00,
664,33,乳酸烏龍 (L),45.0,2026-02-26 09:31:08.827034+00,
665,33,青檸多多 (L),45.0,2026-02-26 09:31:08.827034+00,
666,33,黃金柚子茶 (L),45.0,2026-02-26 09:31:08.827034+00,
667,33,金檸綠茶 (L),45.0,2026-02-26 09:31:08.827034+00,
668,33,百香果綠 (L),45.0,2026-02-26 09:31:08.827034+00,
669,33,日月潭紅玉 (L),50.0,2026-02-26 09:31:08.827034+00,
670,33,茶凍奶茶 (L),50.0,2026-02-26 09:31:08.827034+00,
671,33,奶茶三寶 (L),50.0,2026-02-26 09:31:08.827034+00,
672,33,脆梅綠 (L),50.0,2026-02-26 09:31:08.827034+00,
673,33,高山梅露青/紅 (L),50.0,2026-02-26 09:31:08.827034+00,
674,33,鮮檸冬瓜/紅茶/綠茶 (L),50.0,2026-02-26 09:31:08.827034+00,
675,33,茶丸奶烏 (L),55.0,2026-02-26 09:31:08.827034+00,
676,33,黑糖牛奶 (L),55.0,2026-02-26 09:31:08.827034+00,
677,33,火烏龍鮮奶 (L),55.0,2026-02-26 09:31:08.827034+00,
678,33,紅茶鮮奶 (L),55.0,2026-02-26 09:31:08.827034+00,
679,33,冬瓜鮮奶 (L),55.0,2026-02-26 09:31:08.827034+00,
680,33,蕎麥鮮奶 (L),55.0,2026-02-26 09:31:08.827034+00,
681,33,火烏龍奶蓋 (L),55.0,2026-02-26 09:31:08.827034+00,
682,33,熟成紅茶奶蓋 (L),55.0,2026-02-26 09:31:08.827034+00,
683,33,金萱青奶蓋 (L),55.0,2026-02-26 09:31:08.827034+00,
684,33,濃萃咖啡奶蓋 (M),55.0,2026-02-26 09:31:08.827034+00,
685,33,琥烏龍奶蓋 (L),60.0,2026-02-26 09:31:08.827034+00,
686,33,黑糖珍珠鮮奶 (L),65.0,2026-02-26 09:31:08.827034+00,
687,33,桂花釀紅玉奶蓋 (L),65.0,2026-02-26 09:31:08.827034+00,
688,33,紅玉茶凍鮮奶茶 (L),75.0,2026-02-26 09:31:08.827034+00,
689,33,琥烏龍茶丸鮮奶茶 (L),75.0,2026-02-26 09:31:08.827034+00,
699,8,海陸雙拼飯盒,110.0,2026-03-03 03:55:24.378413+00,
935,36,卡哇伊飯包,75.0,2026-03-06 08:17:11.264348+00,
936,36,飯菜飯包,75.0,2026-03-06 08:17:11.264348+00,
937,36,經典池上飯包,95.0,2026-03-06 08:17:11.264348+00,
938,36,雞塊特餐,90.0,2026-03-06 08:17:11.264348+00,
939,36,雞排特餐,90.0,2026-03-06 08:17:11.264348+00,
940,36,養生飯包,100.0,2026-03-06 08:17:11.264348+00,
941,36,和風燒烤飯包,120.0,2026-03-06 08:17:11.264348+00,
942,36,雞豬雙享飯包,110.0,2026-03-06 08:17:11.264348+00,
943,36,蒲燒秋刀魚飯包,95.0,2026-03-06 08:17:11.264348+00,
944,36,柳葉魚飯包,90.0,2026-03-06 08:17:11.264348+00,
945,36,薄鹽鯖魚飯包,95.0,2026-03-06 08:17:11.264348+00,
946,36,蒲燒鯛魚肚飯包,100.0,2026-03-06 08:17:11.264348+00,
947,36,鱈魚飯包,120.0,2026-03-06 08:17:11.264348+00,
948,36,鮭魚飯包,130.0,2026-03-06 08:17:11.264348+00,
949,36,塔香雞排飯包,90.0,2026-03-06 08:17:11.264348+00,
950,36,飄香滷雞腿飯包,100.0,2026-03-06 08:17:11.264348+00,
951,36,糖燻烤雞腿飯包,105.0,2026-03-06 08:17:11.264348+00,
952,36,蒜香雞菲力飯包,110.0,2026-03-06 08:17:11.264348+00,
953,36,炸雞腿飯包,120.0,2026-03-06 08:17:11.264348+00,
954,36,香酥雞排飯包,120.0,2026-03-06 08:17:11.264348+00,
955,36,椒來麻雞腿飯包,125.0,2026-03-06 08:17:11.264348+00,
956,36,燒肉飯包,100.0,2026-03-06 08:17:11.264348+00,
957,36,直火烤肉飯包,100.0,2026-03-06 08:17:11.264348+00,
958,36,悟饕排骨飯包,110.0,2026-03-06 08:17:11.264348+00,
959,36,蜜汁排骨飯包,110.0,2026-03-06 08:17:11.264348+00,
960,36,黃金豬排飯包,110.0,2026-03-06 08:17:11.264348+00,
961,36,古早味滷排骨飯包,110.0,2026-03-06 08:17:11.264348+00,
962,36,鐵道排骨飯包,110.0,2026-03-06 08:17:11.264348+00,
963,36,雙醬咖哩飯包,105.0,2026-03-06 08:17:11.264348+00,
964,36,控肉飯包,115.0,2026-03-06 08:17:11.264348+00,
965,36,厚切排骨飯包,120.0,2026-03-06 08:17:11.264348+00,